/2009/12/27/5187.html,http://ei.appspot.com/posts/2009/12/27/5187html.html
/2009/03/12/98.html,http://ei.appspot.com/posts/2009/03/12/98html.html
/2009/02/16/97.html,http://ei.appspot.com/posts/2009/02/16/97html.html
/2009/01/13/96.html,http://ei.appspot.com/posts/2009/01/13/96html.html
/2008/12/31/95.html,http://ei.appspot.com/posts/2008/12/31/95html.html
/2008/11/16/94.html,http://ei.appspot.com/posts/2008/11/16/94html.html
/2008/10/15/93.html,http://ei.appspot.com/posts/2008/10/15/93html.html
/2008/09/29/92.html,http://ei.appspot.com/posts/2008/09/29/92html.html
/2008/08/4/91.html,http://ei.appspot.com/posts/2008/08/4/91html.html
/2008/06/25/90.html,http://ei.appspot.com/posts/2008/06/25/90html.html
/2008/05/8/88.html,http://ei.appspot.com/posts/2008/05/8/88html.html
/2008/01/26/87.html,http://ei.appspot.com/posts/2008/01/26/87html.html
/2007/12/31/86.html,http://ei.appspot.com/posts/2007/12/31/86html.html
/2007/12/6/85.html,http://ei.appspot.com/posts/2007/12/6/85html.html
/2007/12/1/84.html,http://ei.appspot.com/posts/2007/12/1/84html.html
/2007/11/30/83.html,http://ei.appspot.com/posts/2007/11/30/83html.html
/2007/11/18/82.html,http://ei.appspot.com/posts/2007/11/18/82html.html
/2007/11/18/81.html,http://ei.appspot.com/posts/2007/11/18/81html.html
/2007/11/18/80.html,http://ei.appspot.com/posts/2007/11/18/80html.html
/2007/11/18/79.html,http://ei.appspot.com/posts/2007/11/18/79html.html
/2007/11/18/78.html,http://ei.appspot.com/posts/2007/11/18/78html.html
/2007/11/18/77.html,http://ei.appspot.com/posts/2007/11/18/77html.html
/2007/11/18/76.html,http://ei.appspot.com/posts/2007/11/18/76html.html
/2007/11/18/75.html,http://ei.appspot.com/posts/2007/11/18/75html.html
/2007/09/26/74.html,http://ei.appspot.com/posts/2007/09/26/74html.html
/2006/12/4/73.html,http://ei.appspot.com/posts/2006/12/4/73html.html
/2006/09/9/72.html,http://ei.appspot.com/posts/2006/09/9/72html.html
/2006/08/21/71.html,http://ei.appspot.com/posts/2006/08/21/71html.html
/2006/08/17/70.html,http://ei.appspot.com/posts/2006/08/17/70html.html
/2006/07/14/69.html,http://ei.appspot.com/posts/2006/07/14/69html.html
/2006/06/10/68.html,http://ei.appspot.com/posts/2006/06/10/68html.html
/2006/06/10/67.html,http://ei.appspot.com/posts/2006/06/10/67html.html
/2006/06/2/66.html,http://ei.appspot.com/posts/2006/06/2/66html.html
/2006/06/1/65.html,http://ei.appspot.com/posts/2006/06/1/65html.html
/2006/05/16/64.html,http://ei.appspot.com/posts/2006/05/16/64html.html
/2006/05/12/63.html,http://ei.appspot.com/posts/2006/05/12/63html.html
/2006/04/26/62.html,http://ei.appspot.com/posts/2006/04/26/62html.html
/2006/04/23/61.html,http://ei.appspot.com/posts/2006/04/23/61html.html
/2006/04/20/60.html,http://ei.appspot.com/posts/2006/04/20/60html.html
/2006/04/17/59.html,http://ei.appspot.com/posts/2006/04/17/59html.html
/2006/04/12/58.html,http://ei.appspot.com/posts/2006/04/12/58html.html
/2006/04/7/57.html,http://ei.appspot.com/posts/2006/04/7/57html.html
/2006/04/6/56.html,http://ei.appspot.com/posts/2006/04/6/56html.html
/2006/04/5/55.html,http://ei.appspot.com/posts/2006/04/5/55html.html
/2006/04/3/54.html,http://ei.appspot.com/posts/2006/04/3/54html.html
/2006/03/25/53.html,http://ei.appspot.com/posts/2006/03/25/53html.html
/2006/03/22/52.html,http://ei.appspot.com/posts/2006/03/22/52html.html
/2006/03/21/51.html,http://ei.appspot.com/posts/2006/03/21/51html.html
/2006/03/20/50.html,http://ei.appspot.com/posts/2006/03/20/50html.html
/2006/03/18/49.html,http://ei.appspot.com/posts/2006/03/18/49html.html
/2006/03/17/48.html,http://ei.appspot.com/posts/2006/03/17/48html.html
/2006/03/11/47.html,http://ei.appspot.com/posts/2006/03/11/47html.html
/2006/02/26/46.html,http://ei.appspot.com/posts/2006/02/26/46html.html
/2006/02/23/45.html,http://ei.appspot.com/posts/2006/02/23/45html.html
/2006/02/16/44.html,http://ei.appspot.com/posts/2006/02/16/44html.html
/2006/02/15/43.html,http://ei.appspot.com/posts/2006/02/15/43html.html
/2006/02/13/42.html,http://ei.appspot.com/posts/2006/02/13/42html.html
/2006/02/8/41.html,http://ei.appspot.com/posts/2006/02/8/41html.html
/2006/02/8/39.html,http://ei.appspot.com/posts/2006/02/8/39html.html
/2006/02/8/40.html,http://ei.appspot.com/posts/2006/02/8/40html.html
/2006/02/7/38.html,http://ei.appspot.com/posts/2006/02/7/38html.html
/2006/02/5/37.html,http://ei.appspot.com/posts/2006/02/5/37html.html
/2006/02/5/36.html,http://ei.appspot.com/posts/2006/02/5/36html.html
/2006/02/4/35.html,http://ei.appspot.com/posts/2006/02/4/35html.html
/2006/02/4/34.html,http://ei.appspot.com/posts/2006/02/4/34html.html
/2006/02/3/33.html,http://ei.appspot.com/posts/2006/02/3/33html.html
/2006/02/2/31.html,http://ei.appspot.com/posts/2006/02/2/31html.html
/2006/02/2/32.html,http://ei.appspot.com/posts/2006/02/2/32html.html
/2006/02/2/30.html,http://ei.appspot.com/posts/2006/02/2/30html.html
/2006/01/27/29.html,http://ei.appspot.com/posts/2006/01/27/29html.html
/2006/01/25/28.html,http://ei.appspot.com/posts/2006/01/25/28html.html
/2006/01/25/27.html,http://ei.appspot.com/posts/2006/01/25/27html.html
/2006/01/24/26.html,http://ei.appspot.com/posts/2006/01/24/26html.html
/2006/01/24/25.html,http://ei.appspot.com/posts/2006/01/24/25html.html
/2006/01/24/24.html,http://ei.appspot.com/posts/2006/01/24/24html.html
/2006/01/24/23.html,http://ei.appspot.com/posts/2006/01/24/23html.html
/2006/01/24/22.html,http://ei.appspot.com/posts/2006/01/24/22html.html
/2006/01/24/21.html,http://ei.appspot.com/posts/2006/01/24/21html.html
/2006/01/24/20.html,http://ei.appspot.com/posts/2006/01/24/20html.html
/2006/01/23/19.html,http://ei.appspot.com/posts/2006/01/23/19html.html
/2006/01/23/18.html,http://ei.appspot.com/posts/2006/01/23/18html.html
/2006/01/23/17.html,http://ei.appspot.com/posts/2006/01/23/17html.html
/2006/01/23/16.html,http://ei.appspot.com/posts/2006/01/23/16html.html
/2006/01/23/15.html,http://ei.appspot.com/posts/2006/01/23/15html.html
/2006/01/23/14.html,http://ei.appspot.com/posts/2006/01/23/14html.html
/2006/01/17/13.html,http://ei.appspot.com/posts/2006/01/17/13html.html
/2006/01/15/11.html,http://ei.appspot.com/posts/2006/01/15/11html.html
/2006/01/15/12.html,http://ei.appspot.com/posts/2006/01/15/12html.html
/2006/01/14/10.html,http://ei.appspot.com/posts/2006/01/14/10html.html
/2006/01/14/9.html,http://ei.appspot.com/posts/2006/01/14/9html.html
/2006/01/13/8.html,http://ei.appspot.com/posts/2006/01/13/8html.html
/2006/01/5/7.html,http://ei.appspot.com/posts/2006/01/5/7html.html
/2005/12/29/6.html,http://ei.appspot.com/posts/2005/12/29/6html.html
/2005/12/28/5.html,http://ei.appspot.com/posts/2005/12/28/5html.html
/2005/12/26/4.html,http://ei.appspot.com/posts/2005/12/26/4html.html
/about,http://ei.appspot.com/pages/about.html
http://ei.appspot.com/tag/ipython,/categories/ipython/
http://ei.appspot.com/tag/turbogears,/categories/turbogears/
http://ei.appspot.com/tag/rssreader,/categories/rssreader/
http://ei.appspot.com/tag/python,/categories/python/
http://ei.appspot.com/tag/zen,/categories/zen/
http://ei.appspot.com/tag/lifehacker,/categories/lifehacker/
http://ei.appspot.com/tag/opera,/categories/opera/
http://ei.appspot.com/tag/,/categories/
http://ei.appspot.com/tag/mac,/categories/mac/
http://ei.appspot.com/tag/vim,/categories/vim/
http://ei.appspot.com/tag/itouch,/categories/itouch/
http://ei.appspot.com/tag/googleplex,/categories/googleplex/
http://ei.appspot.com/tag/life,/categories/life/
http://ei.appspot.com/tag/s60,/categories/s60/
http://ei.appspot.com/tag/fun,/categories/fun/
http://ei.appspot.com/tag/wish,/categories/wish/
http://ei.appspot.com/tag/gfw,/categories/gfw/
http://ei.appspot.com/tag/dom,/categories/dom/
http://ei.appspot.com/tag/tools,/categories/tools/
http://ei.appspot.com/tag/firefox,/categories/firefox/
http://ei.appspot.com/tag/book,/categories/book/
http://ei.appspot.com/tag/cydia,/categories/cydia/
http://ei.appspot.com/tag/tips,/categories/tips/
http://ei.appspot.com/tag/reading,/categories/reading/
http://ei.appspot.com/tag/career,/categories/career/
http://ei.appspot.com/tag/pc,/categories/pc/
http://ei.appspot.com/tag/iphone,/categories/iphone/
http://ei.appspot.com/tag/web,/categories/web/
http://ei.appspot.com/tag/google,/categories/google/
http://ei.appspot.com/tag/coding,/categories/coding/
http://ei.appspot.com/tag/bzr,/categories/bzr/
